{
  "recipes": [
    {
      "id": 1,
      "name": "Breakfast recipes"
    },
    {
      "id": 2,
      "name": "Snacks and Sweets"
    },
    {
      "id": 3,
      "name": "Rice varieties"
    },
    {
      "id": 4,
      "name": "Diabetic Recipes"
    }
  ],
  "dishes": [
    {
      "id": 1,
      "recipeId": 1,
      "name": "Masala Dosa",
      "pic": "masaladosa.JPG"
    },
    {
      "id": 2,
      "recipeId": 1,
      "name": "Appam",
      "pic": "appam.JPG"
    },
    {
      "id": 3,
      "recipeId": 1,
      "name": "Rice Noodles",
      "pic": "rice noodles.jpg"
    },
    {
      "id": 4,
      "recipeId": 1,
      "name": "Phulka",
      "pic": "phulka.jpg"
    },
    {
      "id": 5,
      "recipeId": 1,
      "name": "Aloo Paratha",
      "pic": "alooparathas.jpg"
    },
    {
      "id": 6,
      "recipeId": 2,
      "name": "Bhel Puri",
      "pic": "bhelpuri.jpg"
    }
  ],
  "ingredients": [
    {
      "id": 1,
      "dishId": 5,
      "name": "Wheat Flour 2 Cups"
    },
    {
      "id": 2,
      "dishId": 5,
      "name": "Red Chilli Powder 2 tsp"
    },
    {
      "name": "Garam Masala",
      "dishId": 5,
      "id": 3
    },
    {
      "name": "Bread Crumbs",
      "dishId": 5,
      "id": 4
    },
    {
      "name": "Wheat Flour 2 cups",
      "dishId": 1,
      "id": 5
    },
    {
      "name": "Gara",
      "dishId": 1,
      "id": 6
    }
  ]
}